file,id,name,type,rarity,cost,element,attack,health,keywords,status,size,prompt,negative
nec_01.png,nec_01,Костяной прислужник,Существо,Common,1,Chaos,3,2,,НЕТ ФАЙЛА,512x720,"dark fantasy trading card game illustration, a single heroic creature character: 'Костяной прислужник', decaying gothic crypt, deep purple and blood red, black mist, bone reliquaries, green necrotic glow, tattered burial shrouds, iron chains, chaos/void element, centered composition, rich color grading, painterly brushwork, high detail --ar 3:4 --style raw --v 6","text, letters, watermark, signature, ui, frame, border, extra limbs, deformed hands, lowres, blurry, jpeg artifacts, modern clothing, photograph, 3d render plastic look"
nec_02.png,nec_02,Склеповая крыса,Существо,Common,1,Chaos,1,2,,НЕТ ФАЙЛА,512x720,"dark fantasy trading card game illustration, a single heroic creature character: 'Склеповая крыса', decaying gothic crypt, deep purple and blood red, black mist, bone reliquaries, green necrotic glow, tattered burial shrouds, iron chains, chaos/void element, centered composition, rich color grading, painterly brushwork, high detail --ar 3:4 --style raw --v 6","text, letters, watermark, signature, ui, frame, border, extra limbs, deformed hands, lowres, blurry, jpeg artifacts, modern clothing, photograph, 3d render plastic look"
nec_03.png,nec_03,Упырь-мародёр,Существо,Common,2,Chaos,3,3,Lifesteal,НЕТ ФАЙЛА,512x720,"dark fantasy trading card game illustration, a single heroic creature character: 'Упырь-мародёр', decaying gothic crypt, deep purple and blood red, black mist, bone reliquaries, green necrotic glow, tattered burial shrouds, iron chains, chaos/void element, centered composition, rich color grading, painterly brushwork, high detail --ar 3:4 --style raw --v 6","text, letters, watermark, signature, ui, frame, border, extra limbs, deformed hands, lowres, blurry, jpeg artifacts, modern clothing, photograph, 3d render plastic look"
nec_04.png,nec_04,Ламия Скорби,Существо,Common,2,Chaos,2,3,Deathrattle,НЕТ ФАЙЛА,512x720,"dark fantasy trading card game illustration, a single heroic creature character: 'Ламия Скорби', decaying gothic crypt, deep purple and blood red, black mist, bone reliquaries, green necrotic glow, tattered burial shrouds, iron chains, chaos/void element, centered composition, rich color grading, painterly brushwork, high detail --ar 3:4 --style raw --v 6","text, letters, watermark, signature, ui, frame, border, extra limbs, deformed hands, lowres, blurry, jpeg artifacts, modern clothing, photograph, 3d render plastic look"
nec_05.png,nec_05,Могильный жнец,Существо,Common,3,Chaos,4,4,Rush,НЕТ ФАЙЛА,512x720,"dark fantasy trading card game illustration, a single heroic creature character: 'Могильный жнец', decaying gothic crypt, deep purple and blood red, black mist, bone reliquaries, green necrotic glow, tattered burial shrouds, iron chains, chaos/void element, centered composition, rich color grading, painterly brushwork, high detail --ar 3:4 --style raw --v 6","text, letters, watermark, signature, ui, frame, border, extra limbs, deformed hands, lowres, blurry, jpeg artifacts, modern clothing, photograph, 3d render plastic look"
nec_06.png,nec_06,Чумной разносчик,Существо,Common,3,Chaos,3,4,Battlecry,НЕТ ФАЙЛА,512x720,"dark fantasy trading card game illustration, a single heroic creature character: 'Чумной разносчик', decaying gothic crypt, deep purple and blood red, black mist, bone reliquaries, green necrotic glow, tattered burial shrouds, iron chains, chaos/void element, centered composition, rich color grading, painterly brushwork, high detail --ar 3:4 --style raw --v 6","text, letters, watermark, signature, ui, frame, border, extra limbs, deformed hands, lowres, blurry, jpeg artifacts, modern clothing, photograph, 3d render plastic look"
nec_07.png,nec_07,Полуночный душитель,Существо,Common,3,Chaos,4,4,,НЕТ ФАЙЛА,512x720,"dark fantasy trading card game illustration, a single heroic creature character: 'Полуночный душитель', decaying gothic crypt, deep purple and blood red, black mist, bone reliquaries, green necrotic glow, tattered burial shrouds, iron chains, chaos/void element, centered composition, rich color grading, painterly brushwork, high detail --ar 3:4 --style raw --v 6","text, letters, watermark, signature, ui, frame, border, extra limbs, deformed hands, lowres, blurry, jpeg artifacts, modern clothing, photograph, 3d render plastic look"
nec_08.png,nec_08,Кровавый архонт,Существо,Common,4,Chaos,5,5,Lifesteal,НЕТ ФАЙЛА,512x720,"dark fantasy trading card game illustration, a single heroic creature character: 'Кровавый архонт', decaying gothic crypt, deep purple and blood red, black mist, bone reliquaries, green necrotic glow, tattered burial shrouds, iron chains, chaos/void element, centered composition, rich color grading, painterly brushwork, high detail --ar 3:4 --style raw --v 6","text, letters, watermark, signature, ui, frame, border, extra limbs, deformed hands, lowres, blurry, jpeg artifacts, modern clothing, photograph, 3d render plastic look"
nec_09.png,nec_09,Некромант Склепа,Существо,Common,4,Chaos,4,5,Battlecry,НЕТ ФАЙЛА,512x720,"dark fantasy trading card game illustration, a single heroic creature character: 'Некромант Склепа', decaying gothic crypt, deep purple and blood red, black mist, bone reliquaries, green necrotic glow, tattered burial shrouds, iron chains, chaos/void element, centered composition, rich color grading, painterly brushwork, high detail --ar 3:4 --style raw --v 6","text, letters, watermark, signature, ui, frame, border, extra limbs, deformed hands, lowres, blurry, jpeg artifacts, modern clothing, photograph, 3d render plastic look"
nec_10.png,nec_10,Пожиратель праха,Существо,Common,4,Chaos,5,5,Rush,НЕТ ФАЙЛА,512x720,"dark fantasy trading card game illustration, a single heroic creature character: 'Пожиратель праха', decaying gothic crypt, deep purple and blood red, black mist, bone reliquaries, green necrotic glow, tattered burial shrouds, iron chains, chaos/void element, centered composition, rich color grading, painterly brushwork, high detail --ar 3:4 --style raw --v 6","text, letters, watermark, signature, ui, frame, border, extra limbs, deformed hands, lowres, blurry, jpeg artifacts, modern clothing, photograph, 3d render plastic look"
nec_11.png,nec_11,Лихо Болотное,Существо,Rare,5,Chaos,4,6,Deathrattle,НЕТ ФАЙЛА,512x720,"intricate detailing, dark fantasy trading card game illustration, a single heroic creature character: 'Лихо Болотное', decaying gothic crypt, deep purple and blood red, black mist, bone reliquaries, green necrotic glow, tattered burial shrouds, iron chains, chaos/void element, centered composition, rich color grading, painterly brushwork, high detail --ar 3:4 --style raw --v 6","text, letters, watermark, signature, ui, frame, border, extra limbs, deformed hands, lowres, blurry, jpeg artifacts, modern clothing, photograph, 3d render plastic look"
nec_12.png,nec_12,Вурдалак-охотник,Существо,Rare,5,Chaos,6,6,Lifesteal,НЕТ ФАЙЛА,512x720,"intricate detailing, dark fantasy trading card game illustration, a single heroic creature character: 'Вурдалак-охотник', decaying gothic crypt, deep purple and blood red, black mist, bone reliquaries, green necrotic glow, tattered burial shrouds, iron chains, chaos/void element, centered composition, rich color grading, painterly brushwork, high detail --ar 3:4 --style raw --v 6","text, letters, watermark, signature, ui, frame, border, extra limbs, deformed hands, lowres, blurry, jpeg artifacts, modern clothing, photograph, 3d render plastic look"
nec_13.png,nec_13,Костяной дракон,Существо,Rare,6,Chaos,5,7,Battlecry,НЕТ ФАЙЛА,512x720,"intricate detailing, dark fantasy trading card game illustration, a single heroic creature character: 'Костяной дракон', decaying gothic crypt, deep purple and blood red, black mist, bone reliquaries, green necrotic glow, tattered burial shrouds, iron chains, chaos/void element, centered composition, rich color grading, painterly brushwork, high detail --ar 3:4 --style raw --v 6","text, letters, watermark, signature, ui, frame, border, extra limbs, deformed hands, lowres, blurry, jpeg artifacts, modern clothing, photograph, 3d render plastic look"
nec_14.png,nec_14,Владыка Могильника,Существо,Epic,6,Chaos,5,7,"Deathrattle,Lifesteal",НЕТ ФАЙЛА,512x720,"epic cinematic composition, volumetric light, dark fantasy trading card game illustration, a single heroic creature character: 'Владыка Могильника', decaying gothic crypt, deep purple and blood red, black mist, bone reliquaries, green necrotic glow, tattered burial shrouds, iron chains, chaos/void element, centered composition, rich color grading, painterly brushwork, high detail --ar 3:4 --style raw --v 6","text, letters, watermark, signature, ui, frame, border, extra limbs, deformed hands, lowres, blurry, jpeg artifacts, modern clothing, photograph, 3d render plastic look"
nec_15.png,nec_15,Жнец Тысячи Голосов,Существо,Legendary,7,Chaos,6,8,"Lifesteal,Rush",НЕТ ФАЙЛА,512x720,"legendary masterpiece composition, dramatic rim light, particle effects, dark fantasy trading card game illustration, a single heroic creature character: 'Жнец Тысячи Голосов', decaying gothic crypt, deep purple and blood red, black mist, bone reliquaries, green necrotic glow, tattered burial shrouds, iron chains, chaos/void element, centered composition, rich color grading, painterly brushwork, high detail --ar 3:4 --style raw --v 6","text, letters, watermark, signature, ui, frame, border, extra limbs, deformed hands, lowres, blurry, jpeg artifacts, modern clothing, photograph, 3d render plastic look"
nec_s01.png,nec_s01,Кровавый обмен,Заклинание,Common,1,Chaos,,,,НЕТ ФАЙЛА,512x720,"dark fantasy trading card game illustration, a burst of magical energy: 'Кровавый обмен', decaying gothic crypt, deep purple and blood red, black mist, bone reliquaries, green necrotic glow, tattered burial shrouds, iron chains, chaos/void element, centered composition, rich color grading, painterly brushwork, high detail --ar 3:4 --style raw --v 6","text, letters, watermark, signature, ui, frame, border, extra limbs, deformed hands, lowres, blurry, jpeg artifacts, modern clothing, photograph, 3d render plastic look"
nec_s02.png,nec_s02,Тлетворное касание,Заклинание,Common,2,Chaos,,,,НЕТ ФАЙЛА,512x720,"dark fantasy trading card game illustration, a burst of magical energy: 'Тлетворное касание', decaying gothic crypt, deep purple and blood red, black mist, bone reliquaries, green necrotic glow, tattered burial shrouds, iron chains, chaos/void element, centered composition, rich color grading, painterly brushwork, high detail --ar 3:4 --style raw --v 6","text, letters, watermark, signature, ui, frame, border, extra limbs, deformed hands, lowres, blurry, jpeg artifacts, modern clothing, photograph, 3d render plastic look"
nec_s03.png,nec_s03,Кража души,Заклинание,Common,2,Chaos,,,,НЕТ ФАЙЛА,512x720,"dark fantasy trading card game illustration, a burst of magical energy: 'Кража души', decaying gothic crypt, deep purple and blood red, black mist, bone reliquaries, green necrotic glow, tattered burial shrouds, iron chains, chaos/void element, centered composition, rich color grading, painterly brushwork, high detail --ar 3:4 --style raw --v 6","text, letters, watermark, signature, ui, frame, border, extra limbs, deformed hands, lowres, blurry, jpeg artifacts, modern clothing, photograph, 3d render plastic look"
nec_s04.png,nec_s04,Жатва,Заклинание,Rare,3,Chaos,,,,НЕТ ФАЙЛА,512x720,"intricate detailing, dark fantasy trading card game illustration, a burst of magical energy: 'Жатва', decaying gothic crypt, deep purple and blood red, black mist, bone reliquaries, green necrotic glow, tattered burial shrouds, iron chains, chaos/void element, centered composition, rich color grading, painterly brushwork, high detail --ar 3:4 --style raw --v 6","text, letters, watermark, signature, ui, frame, border, extra limbs, deformed hands, lowres, blurry, jpeg artifacts, modern clothing, photograph, 3d render plastic look"
nec_s05.png,nec_s05,Чёрный контракт,Заклинание,Common,3,Chaos,,,,НЕТ ФАЙЛА,512x720,"dark fantasy trading card game illustration, a burst of magical energy: 'Чёрный контракт', decaying gothic crypt, deep purple and blood red, black mist, bone reliquaries, green necrotic glow, tattered burial shrouds, iron chains, chaos/void element, centered composition, rich color grading, painterly brushwork, high detail --ar 3:4 --style raw --v 6","text, letters, watermark, signature, ui, frame, border, extra limbs, deformed hands, lowres, blurry, jpeg artifacts, modern clothing, photograph, 3d render plastic look"
nec_s06.png,nec_s06,Проклятие Тлена,Заклинание,Common,4,Chaos,,,,НЕТ ФАЙЛА,512x720,"dark fantasy trading card game illustration, a burst of magical energy: 'Проклятие Тлена', decaying gothic crypt, deep purple and blood red, black mist, bone reliquaries, green necrotic glow, tattered burial shrouds, iron chains, chaos/void element, centered composition, rich color grading, painterly brushwork, high detail --ar 3:4 --style raw --v 6","text, letters, watermark, signature, ui, frame, border, extra limbs, deformed hands, lowres, blurry, jpeg artifacts, modern clothing, photograph, 3d render plastic look"
nec_s07.png,nec_s07,Пир Праха,Заклинание,Rare,5,Chaos,,,,НЕТ ФАЙЛА,512x720,"intricate detailing, dark fantasy trading card game illustration, a burst of magical energy: 'Пир Праха', decaying gothic crypt, deep purple and blood red, black mist, bone reliquaries, green necrotic glow, tattered burial shrouds, iron chains, chaos/void element, centered composition, rich color grading, painterly brushwork, high detail --ar 3:4 --style raw --v 6","text, letters, watermark, signature, ui, frame, border, extra limbs, deformed hands, lowres, blurry, jpeg artifacts, modern clothing, photograph, 3d render plastic look"
nec_s08.png,nec_s08,Полночный реквием,Заклинание,Epic,6,Chaos,,,,НЕТ ФАЙЛА,512x720,"epic cinematic composition, volumetric light, dark fantasy trading card game illustration, a burst of magical energy: 'Полночный реквием', decaying gothic crypt, deep purple and blood red, black mist, bone reliquaries, green necrotic glow, tattered burial shrouds, iron chains, chaos/void element, centered composition, rich color grading, painterly brushwork, high detail --ar 3:4 --style raw --v 6","text, letters, watermark, signature, ui, frame, border, extra limbs, deformed hands, lowres, blurry, jpeg artifacts, modern clothing, photograph, 3d render plastic look"
nec_s09.png,nec_s09,Абсолютная Тьма,Заклинание,Rare,7,Chaos,,,,НЕТ ФАЙЛА,512x720,"intricate detailing, dark fantasy trading card game illustration, a burst of magical energy: 'Абсолютная Тьма', decaying gothic crypt, deep purple and blood red, black mist, bone reliquaries, green necrotic glow, tattered burial shrouds, iron chains, chaos/void element, centered composition, rich color grading, painterly brushwork, high detail --ar 3:4 --style raw --v 6","text, letters, watermark, signature, ui, frame, border, extra limbs, deformed hands, lowres, blurry, jpeg artifacts, modern clothing, photograph, 3d render plastic look"
nec_r01.png,nec_r01,Руна Крови,Руна,Common,2,Chaos,,,,НЕТ ФАЙЛА,512x720,"dark fantasy trading card game illustration, an ancient glowing rune sigil carved on stone: 'Руна Крови', decaying gothic crypt, deep purple and blood red, black mist, bone reliquaries, green necrotic glow, tattered burial shrouds, iron chains, chaos/void element, centered composition, rich color grading, painterly brushwork, high detail --ar 3:4 --style raw --v 6","text, letters, watermark, signature, ui, frame, border, extra limbs, deformed hands, lowres, blurry, jpeg artifacts, modern clothing, photograph, 3d render plastic look"
nec_r02.png,nec_r02,Руна Тлена,Руна,Common,3,Chaos,,,,НЕТ ФАЙЛА,512x720,"dark fantasy trading card game illustration, an ancient glowing rune sigil carved on stone: 'Руна Тлена', decaying gothic crypt, deep purple and blood red, black mist, bone reliquaries, green necrotic glow, tattered burial shrouds, iron chains, chaos/void element, centered composition, rich color grading, painterly brushwork, high detail --ar 3:4 --style raw --v 6","text, letters, watermark, signature, ui, frame, border, extra limbs, deformed hands, lowres, blurry, jpeg artifacts, modern clothing, photograph, 3d render plastic look"
nec_r03.png,nec_r03,Руна Голода,Руна,Rare,4,Chaos,,,,НЕТ ФАЙЛА,512x720,"intricate detailing, dark fantasy trading card game illustration, an ancient glowing rune sigil carved on stone: 'Руна Голода', decaying gothic crypt, deep purple and blood red, black mist, bone reliquaries, green necrotic glow, tattered burial shrouds, iron chains, chaos/void element, centered composition, rich color grading, painterly brushwork, high detail --ar 3:4 --style raw --v 6","text, letters, watermark, signature, ui, frame, border, extra limbs, deformed hands, lowres, blurry, jpeg artifacts, modern clothing, photograph, 3d render plastic look"
nec_r04.png,nec_r04,Руна Вечной Жатвы,Руна,Rare,5,Chaos,,,,НЕТ ФАЙЛА,512x720,"intricate detailing, dark fantasy trading card game illustration, an ancient glowing rune sigil carved on stone: 'Руна Вечной Жатвы', decaying gothic crypt, deep purple and blood red, black mist, bone reliquaries, green necrotic glow, tattered burial shrouds, iron chains, chaos/void element, centered composition, rich color grading, painterly brushwork, high detail --ar 3:4 --style raw --v 6","text, letters, watermark, signature, ui, frame, border, extra limbs, deformed hands, lowres, blurry, jpeg artifacts, modern clothing, photograph, 3d render plastic look"
nec_r05.png,nec_r05,Руна Некроза,Руна,Rare,6,Chaos,,,,НЕТ ФАЙЛА,512x720,"intricate detailing, dark fantasy trading card game illustration, an ancient glowing rune sigil carved on stone: 'Руна Некроза', decaying gothic crypt, deep purple and blood red, black mist, bone reliquaries, green necrotic glow, tattered burial shrouds, iron chains, chaos/void element, centered composition, rich color grading, painterly brushwork, high detail --ar 3:4 --style raw --v 6","text, letters, watermark, signature, ui, frame, border, extra limbs, deformed hands, lowres, blurry, jpeg artifacts, modern clothing, photograph, 3d render plastic look"
nec_r06.png,nec_r06,Руна Абсолютной Тьмы,Руна,Rare,7,Chaos,,,,НЕТ ФАЙЛА,512x720,"intricate detailing, dark fantasy trading card game illustration, an ancient glowing rune sigil carved on stone: 'Руна Абсолютной Тьмы', decaying gothic crypt, deep purple and blood red, black mist, bone reliquaries, green necrotic glow, tattered burial shrouds, iron chains, chaos/void element, centered composition, rich color grading, painterly brushwork, high detail --ar 3:4 --style raw --v 6","text, letters, watermark, signature, ui, frame, border, extra limbs, deformed hands, lowres, blurry, jpeg artifacts, modern clothing, photograph, 3d render plastic look"
