CardName,Faction,TimesPlayed,Wins,WinRate,AvgDamage,AvgHeal,RelativeWinRate,WinRateWhenPlayed,FactionBaseWinRate,PlayRate,MatchesPresent,Type,Rarity,Cost,NeedsBalance
"Руна Первозданной Земли",Terramorph,589,1544,0.5200,0.00,0.00,0.2715,0.7797,0.5082,0.198,2969,Rune,Rare,7,YES
"Руна Последнего Света",Aurites,1567,808,0.3822,0.00,10.67,0.2570,0.7304,0.4734,0.741,2114,Rune,Epic,7,YES
"Метеоритный дождь",Pyromancer,1041,2059,0.6416,13.54,0.00,0.2441,0.7541,0.5100,0.324,3209,Spell,Rare,5,YES
"Серафим Зари",Aurites,3175,1500,0.5104,11.63,0.00,0.1311,0.6045,0.4734,1.080,2939,Creature,Common,5,YES
"Благословение Ауры",Aurites,2931,1978,0.5709,0.00,0.00,0.1257,0.5991,0.4734,0.846,3465,Spell,Common,3,YES
"Похититель пустоты",Ethereal,2081,1357,0.5073,5.28,0.00,0.1178,0.6385,0.5208,0.778,2675,Creature,Epic,6,YES
"Первосвященник Ауры",Aurites,2900,1476,0.4925,7.42,2.19,0.1094,0.5828,0.4734,0.968,2997,Creature,Rare,6,YES
"Руна Небесного Покрова",Aurites,2780,1816,0.5432,0.00,0.00,0.1021,0.5756,0.4734,0.832,3343,Rune,Common,4,YES
"Избранник Огня",Pyromancer,1982,2013,0.6104,15.58,0.00,0.0918,0.6018,0.5100,0.601,3298,Creature,Legendary,7,YES
"Каменная кожа",Terramorph,2118,2055,0.5969,0.00,0.00,0.0917,0.5999,0.5082,0.615,3443,Spell,Common,4,YES
"Руна Вечного Купола",Aurites,626,1444,0.4842,0.00,0.00,0.0861,0.5595,0.4734,0.210,2982,Rune,Rare,6,YES
"Призрачный ассасин",Ethereal,2101,1509,0.5196,9.85,0.00,0.0830,0.6038,0.5208,0.723,2904,Creature,Rare,6,YES
"Первозданный титан",Terramorph,5761,1999,0.5987,15.71,0.00,0.0784,0.5866,0.5082,1.725,3339,Creature,Rare,5,YES
"Мать Леса",Terramorph,2531,1488,0.5382,9.59,0.00,0.0778,0.5860,0.5082,0.915,2765,Creature,Epic,6,YES
"Купольный маг",Aurites,2883,1532,0.4942,4.10,0.00,0.0685,0.5419,0.4734,0.930,3100,Creature,Common,4,YES
"Хранитель реликвий",Aurites,3206,1701,0.5278,3.55,0.00,0.0672,0.5406,0.4734,0.995,3223,Creature,Common,3,YES
"Престол Вечного Света",Aurites,3248,1601,0.5094,7.50,0.84,0.0670,0.5404,0.4734,1.033,3143,Creature,Epic,7,YES
"Владыка Недр",Terramorph,2676,1536,0.5443,12.17,0.00,0.0667,0.5749,0.5082,0.948,2822,Creature,Legendary,7,YES
"Корневая хватка",Terramorph,5350,2156,0.6078,0.00,0.00,0.0652,0.5734,0.5082,1.508,3547,Spell,Common,2,YES
"Янтарный жук",Terramorph,4946,1964,0.5905,8.41,0.00,0.0644,0.5726,0.5082,1.487,3326,Creature,Common,4,YES
"Архангел Завета",Aurites,3209,1634,0.5197,6.99,0.00,0.0632,0.5366,0.4734,1.021,3144,Creature,Rare,6,YES
"Крылатый страж порога",Aurites,3146,1670,0.5225,5.03,1.35,0.0627,0.5361,0.4734,0.984,3196,Creature,Common,5,YES
"Мшистый великан",Terramorph,2936,1607,0.5576,6.28,0.00,0.0622,0.5704,0.5082,1.019,2882,Creature,Common,3,YES
"Безмолвный арбитр",Aurites,3090,1670,0.5199,7.14,0.00,0.0616,0.5351,0.4734,0.962,3212,Creature,Common,4,YES
"Купол Безмолвия",Aurites,2470,1922,0.5625,0.00,0.00,0.0602,0.5336,0.4734,0.723,3417,Spell,Rare,5,YES
"Молчаливая монахиня",Aurites,3074,1671,0.5250,4.94,0.63,0.0572,0.5306,0.4734,0.966,3183,Creature,Rare,5,YES
"Рыцарь Без Знамени",Neutral,2261,1587,0.5385,5.97,0.00,0.0565,0.5566,0.5001,0.767,2947,Creature,Common,4,YES
"Небесный центурион",Aurites,3086,1673,0.5238,3.00,0.00,0.0545,0.5280,0.4734,0.966,3194,Creature,Common,4,YES
"Молитва Хранителя",Aurites,2712,1813,0.5778,0.00,1.77,0.0531,0.5265,0.4734,0.864,3138,Spell,Common,4,YES
"Рассветный капеллан",Aurites,3387,1692,0.5187,3.54,0.94,0.0529,0.5263,0.4734,1.038,3262,Creature,Common,2,YES
"Священное вмешательство",Aurites,2988,1929,0.5556,0.00,0.00,0.0522,0.5256,0.4734,0.861,3472,Spell,Common,2,YES
"Руна Абсолютной Тьмы",Necrus,1126,2077,0.5768,1.36,0.00,0.0511,0.5392,0.4881,0.313,3601,Rune,Rare,7,YES
"Утёсный исполин",Terramorph,2660,1585,0.5488,11.44,0.00,0.0510,0.5591,0.5082,0.921,2888,Creature,Rare,6,YES
"Матёрый древень",Terramorph,2541,1563,0.5535,6.95,0.00,0.0498,0.5580,0.5082,0.900,2824,Creature,Common,5,
"Иллюзорный двойник",Ethereal,2532,2067,0.5924,0.00,0.00,0.0467,0.5675,0.5208,0.726,3489,Spell,Common,2,
"Повелитель ветров",Ethereal,2269,1560,0.5376,6.19,0.00,0.0465,0.5673,0.5208,0.782,2902,Creature,Common,4,
"Миражный страж",Ethereal,2765,1673,0.5480,6.64,0.00,0.0462,0.5670,0.5208,0.906,3053,Creature,Common,3,
"Приговор Света",Aurites,3025,1936,0.5576,4.31,0.00,0.0454,0.5189,0.4734,0.871,3472,Spell,Common,3,
"Сейсмический шаман",Terramorph,2516,1527,0.5413,6.54,0.00,0.0433,0.5515,0.5082,0.892,2821,Creature,Common,4,
"Пробуждение Колосса",Terramorph,1687,1844,0.5658,0.00,0.00,0.0422,0.5504,0.5082,0.518,3259,Spell,Rare,6,
"Тектонический страж",Terramorph,2700,1571,0.5512,7.85,0.00,0.0409,0.5491,0.5082,0.947,2850,Creature,Common,5,
"Похищение разума",Ethereal,2446,2050,0.5901,0.00,0.00,0.0385,0.5593,0.5208,0.704,3474,Spell,Common,3,
"Зов Предков",Terramorph,1627,2017,0.5896,0.00,0.00,0.0384,0.5466,0.5082,0.476,3421,Spell,Common,5,
"Руна Милосердия",Aurites,3285,1710,0.5284,0.00,9.71,0.0371,0.5105,0.4734,1.015,3236,Rune,Common,3,
"Гранитный бастион",Aurites,6150,1925,0.5530,5.48,0.00,0.0369,0.5104,0.4734,1.767,3481,Creature,Common,5,
"Ткач иллюзий",Ethereal,2723,1637,0.5460,3.55,0.00,0.0354,0.5562,0.5208,0.908,2998,Creature,Common,3,
"Гранитный колосс",Terramorph,2761,1635,0.5595,6.87,0.00,0.0338,0.5419,0.5082,0.945,2922,Creature,Common,4,
"Руна Тысячи Шёпотов",Ethereal,49,1988,0.5815,0.00,0.00,0.0324,0.5532,0.5208,0.014,3419,Rune,Rare,6,
"Ветряной джинн",Ethereal,2783,1743,0.5661,4.62,0.00,0.0320,0.5528,0.5208,0.904,3079,Creature,Common,2,
"Феникс Возрождённый",Pyromancer,987,1873,0.6071,10.05,1.98,0.0312,0.5412,0.5100,0.320,3085,Creature,Rare,6,
"Серебристый иллюзионист",Ethereal,2504,1634,0.5543,5.15,0.00,0.0311,0.5518,0.5208,0.849,2948,Creature,Common,4,
"Послушник Света",Aurites,3321,1783,0.5311,1.47,0.00,0.0303,0.5038,0.4734,0.989,3357,Creature,Common,1,
"Златокрылый страж",Aurites,3323,1742,0.5252,1.86,0.00,0.0282,0.5016,0.4734,1.002,3317,Creature,Common,2,
"Серебряный архонт",Ethereal,2537,1498,0.5517,9.87,0.00,0.0274,0.5482,0.5208,0.934,2715,Creature,Legendary,7,
"Огненный шар",Pyromancer,3858,2031,0.5878,11.62,0.00,0.0273,0.5373,0.5100,1.117,3455,Spell,Common,3,
"Руна Крови",Necrus,2881,509,0.4848,0.00,0.00,0.0258,0.5140,0.4881,2.744,1050,Rune,Common,2,
"Луч Рассвета",Aurites,3181,1935,0.5540,0.00,1.23,0.0253,0.4987,0.4734,0.911,3493,Spell,Common,1,
"Каменный росток",Terramorph,2992,1770,0.5659,2.06,0.00,0.0204,0.5286,0.5082,0.957,3128,Creature,Common,1,
"Шёпот тумана",Ethereal,2309,1597,0.5469,4.76,0.00,0.0204,0.5412,0.5208,0.791,2920,Creature,Common,4,
"Руна Тумана",Ethereal,2246,879,0.5686,0.00,0.00,0.0185,0.5393,0.5208,1.453,1546,Rune,Common,2,
"Фантомный колосс",Ethereal,2550,1513,0.5442,9.12,0.00,0.0164,0.5372,0.5208,0.917,2780,Creature,Epic,6,
"Эхо-повелитель",Ethereal,1557,1562,0.5591,5.44,0.00,0.0155,0.5363,0.5208,0.557,2794,Creature,Epic,6,
"Странник Цитадели",Neutral,9706,5168,0.6656,3.05,0.00,0.0152,0.5153,0.5001,1.250,7765,Creature,Common,1,
"Корневой опутыватель",Terramorph,2611,1726,0.5564,2.77,0.00,0.0108,0.5190,0.5082,0.842,3102,Creature,Common,3,
"Эфирный разведчик",Ethereal,2981,1629,0.5511,2.29,0.00,0.0090,0.5298,0.5208,1.008,2956,Creature,Common,1,
"Туманный скиталец",Ethereal,2837,1829,0.5748,3.20,0.00,0.0084,0.5292,0.5208,0.892,3182,Creature,Common,1,
"Глиняный страж",Terramorph,5812,2037,0.5864,2.29,0.00,0.0062,0.5144,0.5082,1.673,3474,Creature,Common,2,
"Зеркальный двойник",Ethereal,1062,1688,0.5716,3.50,0.00,0.0056,0.5264,0.5208,0.360,2953,Creature,Rare,6,
"Некромант Склепа",Necrus,6074,1896,0.5557,6.29,0.00,0.0053,0.4934,0.4881,1.780,3412,Creature,Common,4,
"Сильф-вор",Ethereal,2984,1571,0.5444,2.33,0.00,0.0050,0.5258,0.5208,1.034,2886,Creature,Common,2,
"Вспышка",Pyromancer,1807,1998,0.5993,8.17,0.00,0.0041,0.5141,0.5100,0.542,3334,Spell,Common,3,
"Руна Тяжести",Terramorph,2598,2004,0.6016,0.00,0.00,0.0034,0.5116,0.5082,0.780,3331,Rune,Common,4,
"Наёмник Предместья",Neutral,1935,1881,0.5833,2.98,0.00,0.0033,0.5034,0.5001,0.600,3225,Creature,Common,2,
"Лихо Болотное",Necrus,3138,1646,0.5149,9.09,0.00,0.0024,0.4906,0.4881,0.982,3197,Creature,Rare,5,
"Кровавый архонт",Necrus,3169,1639,0.5059,7.11,0.00,0.0010,0.4892,0.4881,0.978,3240,Creature,Common,4,
"Сейсмический толчок",Terramorph,0,1975,0.5670,0.00,0.00,0.0000,0.5000,0.5082,0.000,3483,Spell,Common,3,
"Ледяной ветер",Ethereal,0,2004,0.5737,0.00,0.00,0.0000,0.5000,0.5208,0.000,3493,Spell,Common,3,
"Пожиратель праха",Necrus,3137,1664,0.5093,10.29,0.00,-0.0006,0.4875,0.4881,0.960,3267,Creature,Common,4,
"Вуаль тумана",Ethereal,2513,2063,0.5937,0.00,0.00,-0.0009,0.5199,0.5208,0.723,3475,Spell,Common,2,
"Жатва",Necrus,3044,1946,0.5412,0.00,0.00,-0.0020,0.4861,0.4881,0.846,3596,Spell,Rare,3,
"Горнильный мастер",Pyromancer,1232,1816,0.5862,5.98,0.00,-0.0023,0.5077,0.5100,0.398,3098,Creature,Common,4,
"Угольный элементаль",Pyromancer,1900,1829,0.5814,2.06,0.00,-0.0039,0.5061,0.5100,0.604,3146,Creature,Common,2,
"Пепельный бес",Pyromancer,1952,1890,0.5864,3.45,0.00,-0.0053,0.5047,0.5100,0.606,3223,Creature,Common,1,
"Раскалённые угли",Pyromancer,1801,1993,0.5996,9.68,0.00,-0.0054,0.5045,0.5100,0.542,3324,Spell,Common,2,
"Склеповая крыса",Necrus,3063,1673,0.5056,1.71,0.00,-0.0066,0.4815,0.4881,0.926,3309,Creature,Common,1,
"Руна Зеркал",Ethereal,951,1548,0.5831,0.00,0.00,-0.0068,0.5140,0.5208,0.358,2655,Rune,Common,4,
"Полуночный душитель",Necrus,3258,1631,0.5011,5.24,0.00,-0.0082,0.4800,0.4881,1.001,3255,Creature,Common,3,
"Эхо-архивариус",Neutral,7930,3369,0.5728,2.67,0.00,-0.0091,0.4910,0.5001,1.348,5882,Creature,Common,4,
"Ламия Скорби",Necrus,6656,1903,0.5382,2.69,0.00,-0.0099,0.4782,0.4881,1.882,3536,Creature,Common,2,
"Руна Абсолютной Иллюзии",Ethereal,275,1877,0.5761,0.00,0.00,-0.0116,0.5092,0.5208,0.084,3258,Rune,Epic,7,
"Упырь-мародёр",Necrus,3293,1679,0.5083,3.86,0.00,-0.0120,0.4761,0.4881,0.997,3303,Creature,Common,2,
"Руна Глубинных Корней",Terramorph,1739,1137,0.5757,0.00,0.00,-0.0133,0.4949,0.5082,0.881,1975,Rune,Rare,6,
"Шёпот",Ethereal,2597,2078,0.5954,0.00,0.00,-0.0165,0.5043,0.5208,0.744,3490,Spell,Common,1,
"Магматический голем",Pyromancer,1763,2053,0.6138,5.93,0.00,-0.0180,0.4919,0.5100,0.527,3345,Creature,Rare,4,
"Руна Плодородия",Terramorph,2680,720,0.6218,0.00,0.00,-0.0187,0.4895,0.5082,2.314,1158,Rune,Common,2,
"Руна Жара",Pyromancer,2414,1982,0.6272,0.00,0.00,-0.0214,0.4885,0.5100,0.764,3160,Rune,Common,2,
"Ветеран Осады",Neutral,2679,2060,0.6023,2.94,0.00,-0.0215,0.4786,0.5001,0.783,3420,Creature,Common,3,
"Чумной разносчик",Necrus,3068,1603,0.5005,4.40,0.00,-0.0219,0.4662,0.4881,0.958,3203,Creature,Common,3,
"Пепельный ливень",Pyromancer,1235,1999,0.6121,6.49,0.00,-0.0263,0.4837,0.5100,0.378,3266,Spell,Common,4,
"Чёрный контракт",Necrus,3098,1926,0.5353,2.39,0.00,-0.0281,0.4600,0.4881,0.861,3598,Spell,Common,3,
"Тлетворное касание",Necrus,2791,1953,0.5440,3.34,0.00,-0.0289,0.4592,0.4881,0.777,3590,Spell,Common,3,
"Руна Тлена",Necrus,2504,812,0.5706,3.04,0.00,-0.0335,0.4547,0.4881,1.760,1423,Rune,Common,3,
"Сердце Мира",Terramorph,1638,1881,0.5798,5.78,0.00,-0.0336,0.4746,0.5082,0.505,3244,Spell,Legendary,7,
"Костяной дракон",Necrus,5349,1895,0.5544,11.12,1.42,-0.0341,0.4540,0.4881,1.565,3418,Creature,Rare,6,
"Гнев Недр",Terramorph,1797,1914,0.6065,4.86,1.82,-0.0387,0.4695,0.5082,0.569,3156,Spell,Epic,6,
"Руна Ветра",Ethereal,1978,1106,0.6277,0.00,0.00,-0.0397,0.4811,0.5208,1.123,1762,Rune,Common,3,
"Саламандра-поджигатель",Pyromancer,3154,2028,0.5906,3.40,0.00,-0.0420,0.4679,0.5100,0.918,3434,Creature,Common,3,
"Абсолютная иллюзия",Ethereal,1188,1953,0.5811,0.00,0.00,-0.0452,0.4756,0.5208,0.353,3361,Spell,Rare,6,
"Серебряная клетка",Ethereal,1822,2041,0.5894,0.00,0.00,-0.0605,0.4603,0.5208,0.526,3463,Spell,Rare,4,YES
"Кровавый обмен",Necrus,3126,1926,0.5363,0.00,0.35,-0.0694,0.4187,0.4881,0.871,3591,Spell,Common,1,YES
"Руна Золотого Хора",Aurites,1328,1254,0.5327,0.00,0.00,-0.0699,0.4035,0.4734,0.564,2354,Rune,Rare,5,YES
"Руна Вечного Пламени",Pyromancer,398,1859,0.6444,7.01,0.00,-0.0792,0.4307,0.5100,0.138,2885,Rune,Legendary,7,YES
"Поджог",Pyromancer,1592,1998,0.6004,4.34,0.00,-0.0834,0.4266,0.5100,0.478,3328,Spell,Common,2,YES
"Инферно",Pyromancer,1123,1977,0.6570,20.10,0.00,-0.0860,0.4240,0.5100,0.373,3009,Spell,Epic,6,YES
"Абсолютная Тьма",Necrus,1620,2023,0.5630,0.00,4.41,-0.0915,0.3966,0.4881,0.451,3593,Spell,Rare,7,YES
"Руна Пепла",Pyromancer,1324,2078,0.6394,3.76,0.00,-0.0915,0.4184,0.5100,0.407,3250,Rune,Common,3,YES
"Руна Некроза",Necrus,277,2126,0.5907,0.00,0.00,-0.0970,0.3911,0.4881,0.077,3599,Rune,Rare,6,YES
"Огненный снаряд",Pyromancer,1840,1997,0.5915,4.75,0.00,-0.1065,0.4035,0.5100,0.545,3376,Spell,Common,1,YES
"Танец тысячи вуалей",Ethereal,1729,1870,0.6095,0.00,0.00,-0.1249,0.3959,0.5208,0.564,3068,Spell,Epic,7,YES
"Пир Праха",Necrus,2694,1889,0.5255,0.00,1.19,-0.1381,0.3500,0.4881,0.749,3595,Spell,Rare,5,YES
"Ветер перемен",Ethereal,1330,2010,0.5813,0.00,0.00,-0.1395,0.3813,0.5208,0.385,3458,Spell,Rare,5,YES
"Руна Великого Горна",Pyromancer,443,1851,0.6490,0.00,0.00,-0.1714,0.3386,0.5100,0.155,2852,Rune,Rare,5,YES
"Руна Горения",Pyromancer,574,2101,0.6359,0.00,0.00,-0.1808,0.3292,0.5100,0.174,3304,Rune,Common,4,YES
"Руна Голода",Necrus,1160,1628,0.6095,0.00,0.00,-0.1826,0.3056,0.4881,0.434,2671,Rune,Rare,4,YES
"Полночный реквием",Necrus,1408,1782,0.5221,2.86,0.00,-0.3305,0.1577,0.4881,0.413,3413,Spell,Epic,6,YES