file,resource_path,id,name,type,rarity,cost,element,attack,health,keywords,tags,status,size,prompt,negative
wtd_01.png,Resources/Cards/Neutral/Withered/wtd_01.png,wtd_01,Иссохший паломник,Существо,Common,1,None,1,1,Battlecry,"card,poison,wtd",НЕТ ФАЙЛА,512x720,"dark fantasy trading card game illustration, withered cursed husk pilgrim in rags: 'Иссохший паломник'","text, letters, watermark, frame borders"
wtd_02.png,Resources/Cards/Neutral/Withered/wtd_02.png,wtd_02,Носитель порчи,Существо,Common,3,None,2,2,"Battlecry,Poisonous","card,poison,wtd",НЕТ ФАЙЛА,512x720,"dark fantasy trading card game illustration, withered cursed husk pilgrim in rags: 'Носитель порчи'","text, letters, watermark, frame borders"
wtd_03.png,Resources/Cards/Neutral/Withered/wtd_03.png,wtd_03,Проклятый землепашец,Существо,Common,3,None,2,3,Battlecry,"card,poison,wtd",НЕТ ФАЙЛА,512x720,"dark fantasy trading card game illustration, withered cursed husk pilgrim in rags: 'Проклятый землепашец'","text, letters, watermark, frame borders"
wtd_04.png,Resources/Cards/Neutral/Withered/wtd_04.png,wtd_04,Иссохшая вдова,Существо,Common,3,None,3,2,Battlecry,"card,poison,wtd",НЕТ ФАЙЛА,512x720,"dark fantasy trading card game illustration, withered cursed husk pilgrim in rags: 'Иссохшая вдова'","text, letters, watermark, frame borders"
wtd_05.png,Resources/Cards/Neutral/Withered/wtd_05.png,wtd_05,Могильный глашатай,Существо,Common,5,None,3,4,"Battlecry,Freezing","card,poison,wtd",НЕТ ФАЙЛА,512x720,"dark fantasy trading card game illustration, withered cursed husk pilgrim in rags: 'Могильный глашатай'","text, letters, watermark, frame borders"
wtd_06.png,Resources/Cards/Neutral/Withered/wtd_06.png,wtd_06,Проклятый колосс,Существо,Common,5,None,4,5,Battlecry,"card,poison,wtd",НЕТ ФАЙЛА,512x720,"dark fantasy trading card game illustration, withered cursed husk pilgrim in rags: 'Проклятый колосс'","text, letters, watermark, frame borders"
wtd_07.png,Resources/Cards/Neutral/Withered/wtd_07.png,wtd_07,Иссохший хор,Существо,Common,3,None,1,2,"Deathrattle,Freezing","card,poison,wtd",НЕТ ФАЙЛА,512x720,"dark fantasy trading card game illustration, withered cursed husk pilgrim in rags: 'Иссохший хор'","text, letters, watermark, frame borders"
wtd_08.png,Resources/Cards/Neutral/Withered/wtd_08.png,wtd_08,Сухорукий жнец,Существо,Uncommon,4,None,3,3,Battlecry,"card,poison,wtd",НЕТ ФАЙЛА,512x720,"dark fantasy trading card game illustration, withered cursed husk pilgrim in rags: 'Сухорукий жнец'","text, letters, watermark, frame borders"
wtd_09.png,Resources/Cards/Neutral/Withered/wtd_09.png,wtd_09,Пророк порчи,Существо,Uncommon,5,None,4,4,Battlecry,"card,poison,wtd",НЕТ ФАЙЛА,512x720,"dark fantasy trading card game illustration, withered cursed husk pilgrim in rags: 'Пророк порчи'","text, letters, watermark, frame borders"
wtd_10.png,Resources/Cards/Neutral/Withered/wtd_10.png,wtd_10,Иссохший исполин,Существо,Rare,6,None,5,5,"Taunt,Battlecry","card,poison,wtd",НЕТ ФАЙЛА,512x720,"dark fantasy trading card game illustration, withered cursed husk pilgrim in rags: 'Иссохший исполин'","text, letters, watermark, frame borders"
wtd_11.png,Resources/Cards/Neutral/Withered/wtd_11.png,wtd_11,Вестник проклятия,Существо,Rare,5,None,4,4,Battlecry,"card,poison,wtd",НЕТ ФАЙЛА,512x720,"dark fantasy trading card game illustration, withered cursed husk pilgrim in rags: 'Вестник проклятия'","text, letters, watermark, frame borders"
wtd_12.png,Resources/Cards/Neutral/Withered/wtd_12.png,wtd_12,Великое проклятие,Заклинание,Rare,7,None,,,,"card,poison,wtd",НЕТ ФАЙЛА,512x720,"dark fantasy trading card game illustration, withered cursed husk pilgrim in rags: 'Великое проклятие'","text, letters, watermark, frame borders"
wtd_13.png,Resources/Cards/Neutral/Withered/wtd_13.png,wtd_13,Патриарх Иссохших,Существо,Legendary,8,None,7,7,Battlecry,"card,poison,wtd",НЕТ ФАЙЛА,512x720,"dark fantasy trading card game illustration, withered cursed husk pilgrim in rags: 'Патриарх Иссохших'","text, letters, watermark, frame borders"
wtd_14.png,Resources/Cards/Neutral/Withered/wtd_14.png,wtd_14,Слабость,Заклинание,Common,1,None,,,,"card,poison,wtd",НЕТ ФАЙЛА,512x720,"dark fantasy trading card game illustration, withered cursed husk pilgrim in rags: 'Слабость'","text, letters, watermark, frame borders"
